21	22132223	A	C	dream	set_4
21	36018385	-	IGN>	dream	set_4
21	27130369	-	DUP>	dream	set_4
21	35128393	T	C	dream	set_4
21	19580759	T	C	dream	set_4
21	33996487	C	A	dream	set_4
21	19713881	G	C	dream	set_4
21	15965313	-	IGN>	dream	set_4
21	25817650	TAAAT	-	dream	set_4
21	41599590	-	MSK>	dream	set_4
21	29271903	-	CCGAAGA	dream	set_4
21	10891466	-	GGTTTCTGGTGAGTATTACA	dream	set_4
21	16818043	-	IGN>	dream	set_4
21	29407025	A	-	dream	set_4
21	29739522	-	IGN>	dream	set_4
21	37518126	-	MSK>	dream	set_4
21	40407188	-	IGN>	dream	set_4
21	41858858	C	-	dream	set_4
21	33666675	-	IGN>	dream	set_4
21	44436827	T	C	dream	set_4
21	47037821	G	A	dream	set_4
21	47240022	-	DEL>	dream	set_4
21	43262638	G	T	dream	set_4
21	29740122	-	DUP>	dream	set_4
21	33491727	TGTCTTTTTTTTT	-	dream	set_4
21	43145749	ATGGCGGGCAGGTGCCC	-	dream	set_4
21	31483144	-	DEL>	dream	set_4
21	47469843	C	T	dream	set_4
21	37974673	-	INV>	dream	set_4
21	28961235	A	C	dream	set_4
21	35380285	-	MSK>	dream	set_4
21	41173437	A	C	dream	set_4
21	35409890	-	DUP>	dream	set_4
21	39141900	-	TTACCTATACCACCGAAA	dream	set_4
21	42269998	A	G	dream	set_4
21	17071381	C	T	dream	set_4
21	41241677	-	TAGATAT	dream	set_4
21	26516921	-	DUP>	dream	set_4
21	27590231	A	G	dream	set_4
21	46595204	-	DUP>	dream	set_4
21	30406871	T	G	dream	set_4
21	21785592	T	G	dream	set_4
21	47238054	-	IGN>	dream	set_4
21	47776098	G	A	dream	set_4
21	31478759	-	IGN>	dream	set_4
21	47433635	-	DEL>	dream	set_4
21	29288728	T	A	dream	set_4
21	15005161	G	C	dream	set_4
21	35409290	-	IGN>	dream	set_4
21	43178100	-	MSK>	dream	set_4
21	25787712	-	IGN>	dream	set_4
21	37405244	T	C	dream	set_4
21	37092695	-	DEL>	dream	set_4
21	16917033	-	DEL>	dream	set_4
21	33248779	ATGGT	-	dream	set_4
21	16915457	-	IGN>	dream	set_4
21	25864384	TC	-	dream	set_4
21	26886116	T	G	dream	set_4
21	35911895	G	A	dream	set_4
21	29206886	-	DEL>	dream	set_4
21	23087509	-	INV>	dream	set_4
21	28054383	-	INV>	dream	set_4
21	35114509	-	IGN>	dream	set_4
21	15292474	-	DEL>	dream	set_4
21	18950583	T	G	dream	set_4
21	42861439	TTCCAGAGTAGGCCAG	-	dream	set_4
21	16656966	C	T	dream	set_4
21	31122510	-	IGN>	dream	set_4
21	37897206	-	CCCTGCTCG	dream	set_4
21	26943508	GGTTTTAC	-	dream	set_4
21	30658802	-	DEL>	dream	set_4
21	44025038	-	IGN>	dream	set_4
21	15785399	-	MSK>	dream	set_4
21	43932411	-	ATCGTGGGATCT	dream	set_4
21	30657955	-	IGN>	dream	set_4
21	34891217	-	MSK>	dream	set_4
21	37280311	-	INV>	dream	set_4
21	43915079	-	GAGCTGGTGATGAAATGTAGA	dream	set_4
21	38669476	-	A	dream	set_4
21	28023714	-	MSK>	dream	set_4
21	15290711	-	IGN>	dream	set_4
21	30303423	T	G	dream	set_4
21	42587223	T	A	dream	set_4
21	30765724	-	INV>	dream	set_4
21	31123198	-	DEL>	dream	set_4
21	43546835	A	G	dream	set_4
21	38843917	-	MSK>	dream	set_4
21	36834079	TTTAAATTAG	-	dream	set_4
21	46964747	CAGCCT	-	dream	set_4
21	46594604	-	IGN>	dream	set_4
21	42870052	C	A	dream	set_4
21	33431614	-	IGN>	dream	set_4
21	16818643	-	INV>	dream	set_4
21	36359087	-	TT	dream	set_4
21	32889376	A	T	dream	set_4
21	30692668	CAGAACATATATATCAGAATAGTAG	-	dream	set_4
21	32969688	C	A	dream	set_4
21	22627134	A	C	dream	set_4
21	36195672	T	A	dream	set_4
21	34389766	-	MSK>	dream	set_4
21	22506849	T	C	dream	set_4
21	26128966	CACTATGC	-	dream	set_4
21	40407788	-	DUP>	dream	set_4
21	46719340	-	TCAAGGTTGGCTATA	dream	set_4
21	16948103	G	T	dream	set_4
21	28053783	-	IGN>	dream	set_4
21	47302004	T	A	dream	set_4
21	10183382	T	C	dream	set_4
21	27445030	ATTTCTGC	-	dream	set_4
21	33667754	-	DEL>	dream	set_4
21	43248975	-	TG	dream	set_4
21	46878607	-	IGN>	dream	set_4
21	46879207	-	DUP>	dream	set_4
21	18164488	A	T	dream	set_4
21	30714056	-	GTA	dream	set_4
21	25356168	-	CCTGTTATC	dream	set_4
21	33417495	-	TTAATGTACTTAGGCTAC	dream	set_4
21	47296695	-	AG	dream	set_4
21	25789702	-	DEL>	dream	set_4
21	27858139	C	G	dream	set_4
21	20527885	-	GTAGGG	dream	set_4
21	47431809	-	IGN>	dream	set_4
21	44795643	A	G	dream	set_4
21	39979423	GCGGGCACCTGTAGTCCCAGCTACTCCT	-	dream	set_4
21	45170078	G	C	dream	set_4
21	29206158	-	IGN>	dream	set_4
21	36018985	-	DUP>	dream	set_4
21	38264628	G	A	dream	set_4
21	30335324	-	GACGAA	dream	set_4
21	37974073	-	IGN>	dream	set_4
21	37380536	G	T	dream	set_4
21	24864483	-	GTGGATTTTGG	dream	set_4
21	17024751	-	MSK>	dream	set_4
21	31210972	-	CTCACACTCTCTAACA	dream	set_4
21	17676837	-	IGN>	dream	set_4
21	38418372	-	IGN>	dream	set_4
21	29257334	T	G	dream	set_4
21	27129769	-	IGN>	dream	set_4
21	44026217	-	DEL>	dream	set_4
21	47861239	-	DUP>	dream	set_4
21	35115109	-	DUP>	dream	set_4
21	47860639	-	IGN>	dream	set_4
21	47385955	G	A	dream	set_4
21	26516321	-	IGN>	dream	set_4
21	30765124	-	IGN>	dream	set_4
21	4397171	-	MSK>	dream	set_4
21	23086909	-	IGN>	dream	set_4
21	15965913	-	DUP>	dream	set_4
21	37708547	T	A	dream	set_4
21	35223159	G	T	dream	set_4
21	24606527	-	AAACA	dream	set_4
21	38418972	-	DUP>	dream	set_4
21	44080145	G	T	dream	set_4
21	37279711	-	IGN>	dream	set_4
21	37610684	-	MSK>	dream	set_4
21	37091848	-	IGN>	dream	set_4
21	17677437	-	INV>	dream	set_4
21	33432806	-	DEL>	dream	set_4
21	40930083	-	MSK>	dream	set_4
